city,Longitude,Latitude,Current_Speed,Precip,Current_Speed_Adjusted,Date,Windspeed,Visibility
Agra,78.0081,27.1767,25,18.5,14.32432,2024-08-11,16.2,19.1
Agra,78.0081,27.1767,25,1.6,44.93671,2024-08-12,15.1,24
Agra,78.0081,27.1767,25,0.1,49.68354,2024-08-13,16.6,24.1
Agra,78.0081,27.1767,25,25.3,17.19368,2024-08-14,11.5,15.6
Agra,78.0081,27.1767,25,29.1,18.21306,2024-08-15,14.4,15.4
Agra,78.0081,27.1767,25,20.3,15.27094,2024-08-16,16.9,15.1
Agra,78.0081,27.1767,25,8.9,2.808989,2024-08-17,15.1,22.1
Agra,78.0081,27.1767,25,7.1,27.53165,2024-08-18,20.2,22.2
Agra,78.0081,27.1767,25,15.9,12.57862,2024-08-19,12.6,14
Agra,78.0081,27.1767,25,34.8,19.32471,2024-08-20,16.2,12.3
Agra,78.0081,27.1767,25,16.2,12.80864,2024-08-21,13,17.8
Agra,78.0081,27.1767,25,9.1,3.296703,2024-08-22,10.8,19.8
Agra,78.0081,27.1767,25,11.5,7.826087,2024-08-23,10.8,23.8
Agra,78.0081,27.1767,25,3.5,38.92405,2024-08-24,10.8,23.8
Agra,78.0081,27.1767,25,8.1,0.617284,2024-08-25,18,21.8
Amritsar,77.7066,28.9845,42,3.6,64.86076,2024-08-11,22.7,12.4
Amritsar,77.7066,28.9845,42,12.3,15.02439,2024-08-12,13.7,20.8
Amritsar,77.7066,28.9845,42,29.2,30.63699,2024-08-13,11.9,17.9
Amritsar,77.7066,28.9845,42,27.7,30.02166,2024-08-14,14,16.9
Amritsar,77.7066,28.9845,42,26.5,29.47925,2024-08-15,16.2,15.8
Amritsar,77.7066,28.9845,42,17.6,23.14773,2024-08-16,6.1,18.4
Amritsar,77.7066,28.9845,42,17.5,23.04,2024-08-17,12.2,22.2
Amritsar,77.7066,28.9845,42,19.5,24.98462,2024-08-18,11.5,19
Amritsar,77.7066,28.9845,42,37.2,33.08065,2024-08-19,10.2,11.4
Amritsar,77.7066,28.9845,42,37.2,33.08065,2024-08-20,11.9,15.3
Amritsar,77.7066,28.9845,42,13.6,17.60294,2024-08-21,10.8,21.3
Amritsar,77.7066,28.9845,42,26.7,29.57303,2024-08-22,11.5,20.3
Amritsar,77.7066,28.9845,42,6.2,51.03797,2024-08-23,14.8,24.1
Amritsar,77.7066,28.9845,42,27.7,30.02166,2024-08-24,18.4,21.6
Amritsar,77.7066,28.9845,42,16.9,22.36686,2024-08-25,25.2,20
Lucknow,80.9462,26.8467,22,0.5,42.60759,2024-08-11,10.8,13.8
Lucknow,80.9462,26.8467,22,18.5,12.60541,2024-08-12,11.2,21.5
Lucknow,80.9462,26.8467,22,24.4,14.87705,2024-08-13,14.4,17.5
Lucknow,80.9462,26.8467,22,20.1,13.35323,2024-08-14,6.8,16.5
Lucknow,80.9462,26.8467,22,29.2,16.04795,2024-08-15,15.8,15.3
Lucknow,80.9462,26.8467,22,25.1,15.0757,2024-08-16,15.8,22.2
Lucknow,80.9462,26.8467,22,8.7,2.022989,2024-08-17,17.3,21.6
Lucknow,80.9462,26.8467,22,7.7,22.55696,2024-08-18,11.9,23.3
Lucknow,80.9462,26.8467,22,57.8,18.99308,2024-08-19,11.5,16.2
Lucknow,80.9462,26.8467,22,32.2,16.60248,2024-08-20,16.9,18.9
Lucknow,80.9462,26.8467,22,1.7,39.26582,2024-08-21,14,24.1
Lucknow,80.9462,26.8467,22,5.5,28.68354,2024-08-22,9.4,21.3
Lucknow,80.9462,26.8467,22,4.7,30.91139,2024-08-23,9,23.6
Lucknow,80.9462,26.8467,22,12.6,8.206349,2024-08-24,19.8,21.1
Lucknow,80.9462,26.8467,22,7.2,23.94937,2024-08-25,19.9,22.1
Nizamabad,78.0946,17.0784,43,5.3,57.1519,2024-08-11,18.7,21.3
Nizamabad,78.0946,17.0784,43,0.8,81.64557,2024-08-12,14.4,23.8
Nizamabad,78.0946,17.0784,43,0.3,84.36709,2024-08-13,16.6,24.1
Nizamabad,78.0946,17.0784,43,0.4,83.82278,2024-08-14,15.1,24.1
Nizamabad,78.0946,17.0784,43,2.5,72.39241,2024-08-15,13.3,23.4
Nizamabad,78.0946,17.0784,43,3,69.67089,2024-08-16,10.1,24
Nizamabad,78.0946,17.0784,43,2.5,72.39241,2024-08-17,9.7,22.1
Nizamabad,78.0946,17.0784,43,18.6,24.73656,2024-08-18,8.6,16.7
Nizamabad,78.0946,17.0784,43,5.6,55.51899,2024-08-19,11.9,23
Nizamabad,78.0946,17.0784,43,2.1,74.56962,2024-08-20,13,23.1
Nizamabad,78.0946,17.0784,43,0.8,81.64557,2024-08-21,11.5,24.1
Nizamabad,78.0946,17.0784,43,5.2,57.6962,2024-08-22,13.7,21.8
Nizamabad,78.0946,17.0784,43,9.8,8.336735,2024-08-23,13.3,19.9
Nizamabad,78.0946,17.0784,43,0.3,84.36709,2024-08-24,16.2,24.1
Nizamabad,78.0946,17.0784,43,13.1,17.0687,2024-08-25,14,16.7
Hyderabad,78.4867,17.385,21,4.8,29.24051,2024-08-11,18.4,13.8
Hyderabad,78.4867,17.385,21,2.2,36.1519,2024-08-12,20.5,23.5
Hyderabad,78.4867,17.385,21,0.9,39.60759,2024-08-13,18.4,24.1
Hyderabad,78.4867,17.385,21,5.3,27.91139,2024-08-14,14,21.4
Hyderabad,78.4867,17.385,21,5,28.70886,2024-08-15,15.1,22.7
Hyderabad,78.4867,17.385,21,12.8,8.039063,2024-08-16,10.8,21.4
Hyderabad,78.4867,17.385,21,18.3,11.93443,2024-08-17,8.6,15.4
Hyderabad,78.4867,17.385,21,18.5,12.03243,2024-08-18,10.8,17
Hyderabad,78.4867,17.385,21,0.8,39.87342,2024-08-19,16.9,24.1
Hyderabad,78.4867,17.385,21,0.3,41.20253,2024-08-20,18.7,24
Hyderabad,78.4867,17.385,21,0.6,40.40506,2024-08-21,19.4,24.1
Hyderabad,78.4867,17.385,21,1.6,37.74684,2024-08-22,15.1,21.5
Hyderabad,78.4867,17.385,21,10.7,5.495327,2024-08-23,15.5,21.5
Hyderabad,78.4867,17.385,21,2.2,36.1519,2024-08-24,21.2,24.1
Hyderabad,78.4867,17.385,21,12,7.175,2024-08-25,20.2,18.8
Kota,75.8648,25.2138,37,90.5,33.77017,2024-08-11,19.1,12.8
Kota,75.8648,25.2138,37,16.4,19.17683,2024-08-12,23,15.7
Kota,75.8648,25.2138,37,2.9,60.41772,2024-08-13,19.1,22.8
Kota,75.8648,25.2138,37,9.1,4.879121,2024-08-14,20.2,18.1
Kota,75.8648,25.2138,37,9.2,5.228261,2024-08-15,14,18.4
Kota,75.8648,25.2138,37,11.7,12.01709,2024-08-16,14,19.8
Kota,75.8648,25.2138,37,3.3,58.5443,2024-08-17,13,22.7
Kota,75.8648,25.2138,37,2.3,63.22785,2024-08-18,13.7,23
Kota,75.8648,25.2138,37,0.2,73.06329,2024-08-19,16.9,24.1
Kota,75.8648,25.2138,37,0.1,73.53165,2024-08-20,14.8,24.1
Kota,75.8648,25.2138,37,0.1,73.53165,2024-08-21,11.9,24.1
Kota,75.8648,25.2138,37,1.6,66.50633,2024-08-22,20.9,24.1
Kota,75.8648,25.2138,37,24.2,24.92149,2024-08-23,18.7,14.8
Kota,75.8648,25.2138,37,7.6,38.40506,2024-08-24,12.2,22.6
Kota,75.8648,25.2138,37,12.6,13.80159,2024-08-25,17.3,22.2
Pune,73.8562,18.5167,43,22.3,27.76682,2024-08-11,18.4,22.4
Pune,73.8562,18.5167,43,22.3,27.76682,2024-08-11,18.4,22.4
Pune,73.8562,18.5167,43,6,53.34177,2024-08-12,12.2,23.8
Pune,73.8562,18.5167,43,7.3,46.26582,2024-08-13,10.8,23.5
Pune,73.8562,18.5167,43,23.2,28.35776,2024-08-14,17.6,20.4
Pune,73.8562,18.5167,43,32.6,32.57975,2024-08-15,18.7,20.2
Pune,73.8562,18.5167,43,18.8,24.93085,2024-08-16,10.1,17.1
Pune,73.8562,18.5167,43,7.4,45.72152,2024-08-17,12.6,23.5
Pune,73.8562,18.5167,43,9.2,6.076087,2024-08-18,15.1,19.4
Pune,73.8562,18.5167,43,6,53.34177,2024-08-19,15.1,21.7
Pune,73.8562,18.5167,43,0.3,84.36709,2024-08-20,17.3,24.1
Pune,73.8562,18.5167,43,0.5,83.27848,2024-08-21,16.9,24.1
Pune,73.8562,18.5167,43,0.6,82.73418,2024-08-22,15.1,24.1
Pune,73.8562,18.5167,43,0.2,84.91139,2024-08-23,15.5,24.1
Pune,73.8562,18.5167,43,2.9,70.21519,2024-08-24,18.7,23.5
Pune,73.8562,18.5167,43,13.8,18.38406,2024-08-25,13.7,19.9
Ludhiana,75.8573,30.9008,37,15.1,17.64238,2024-08-11,19.1,22.5
Ludhiana,75.8573,30.9008,37,1.3,67.91139,2024-08-12,14,24.1
Ludhiana,75.8573,30.9008,37,6.5,43.55696,2024-08-13,10.4,23.2
Ludhiana,75.8573,30.9008,37,16.7,19.49701,2024-08-14,21.2,20.6
Ludhiana,75.8573,30.9008,37,10.6,9.424528,2024-08-15,13,21.9
Ludhiana,75.8573,30.9008,37,16.9,19.70414,2024-08-16,13.7,18.4
Ludhiana,75.8573,30.9008,37,26.5,25.96981,2024-08-17,11.9,15.2
Ludhiana,75.8573,30.9008,37,22.4,23.95089,2024-08-18,10.4,20.1
Ludhiana,75.8573,30.9008,37,14.1,16.2695,2024-08-19,13.2,20.8
Ludhiana,75.8573,30.9008,37,4.8,51.51899,2024-08-20,19.1,23.9
Ludhiana,75.8573,30.9008,37,7.7,37.93671,2024-08-21,12.6,24.1
Ludhiana,75.8573,30.9008,37,4.2,54.32911,2024-08-22,12.5,24.1
Ludhiana,75.8573,30.9008,37,1.6,66.50633,2024-08-23,12.6,24.1
Ludhiana,75.8573,30.9008,37,5.2,49.64557,2024-08-24,16.9,20.6
Ludhiana,75.8573,30.9008,37,18.9,21.53439,2024-08-25,16.9,18.6
Vishakhapatnam,75.5762,31.326,6,7.8,6.075949,2024-08-11,18,22.5
Vishakhapatnam,75.5762,31.326,6,0.2,11.8481,2024-08-12,15.8,24.1
Vishakhapatnam,75.5762,31.326,6,2.9,9.797468,2024-08-13,8.6,23.2
Vishakhapatnam,75.5762,31.326,6,14.2,2.661972,2024-08-14,18.4,21.1
Vishakhapatnam,75.5762,31.326,6,70.5,5.32766,2024-08-15,15.5,17.3
Vishakhapatnam,75.5762,31.326,6,12.2,2.114754,2024-08-16,16.9,18.3
Vishakhapatnam,75.5762,31.326,6,24.6,4.073171,2024-08-17,11.5,17.6
Vishakhapatnam,75.5762,31.326,6,20.8,3.721154,2024-08-18,9.7,19.1
Vishakhapatnam,75.5762,31.326,6,8.9,0.674157,2024-08-19,11,21.7
Vishakhapatnam,75.5762,31.326,6,4.7,8.43038,2024-08-20,17.6,23.4
Vishakhapatnam,75.5762,31.326,6,8.2,0.219512,2024-08-21,11.5,24.1
Vishakhapatnam,75.5762,31.326,6,2.3,10.25316,2024-08-22,12.6,22.1
Vishakhapatnam,75.5762,31.326,6,1.3,11.01266,2024-08-23,14,24.1
Vishakhapatnam,75.5762,31.326,6,8.7,0.551724,2024-08-24,13.7,18.1
Vishakhapatnam,75.5762,31.326,6,7.5,6.303797,2024-08-25,16.6,19.7
Bhadrakh,77.0037,20.9374,52,2.1,90.17722,2024-08-11,23.8,22.6
Bhadrakh,77.0037,20.9374,52,0.1,103.3418,2024-08-12,21.6,24.1
Bhadrakh,77.0037,20.9374,52,0.1,103.3418,2024-08-13,20.2,24.1
Bhadrakh,77.0037,20.9374,52,2.3,88.86076,2024-08-14,18.7,24.1
Bhadrakh,77.0037,20.9374,52,0.8,98.73418,2024-08-15,16.6,24
Bhadrakh,77.0037,20.9374,52,1.5,94.12658,2024-08-16,19.1,24.1
Bhadrakh,77.0037,20.9374,52,0.3,102.0253,2024-08-17,15.1,24.1
Bhadrakh,77.0037,20.9374,52,0.1,103.3418,2024-08-18,10.8,24.1
Bhadrakh,77.0037,20.9374,52,1.1,96.75949,2024-08-19,10.4,24.1
Bhadrakh,77.0037,20.9374,52,6.8,59.24051,2024-08-20,13,22.5
Bhadrakh,77.0037,20.9374,52,9.4,8.297872,2024-08-21,10.4,23.2
Bhadrakh,77.0037,20.9374,52,3.5,80.96203,2024-08-22,9.7,22.2
Bhadrakh,77.0037,20.9374,52,11,14.65455,2024-08-23,8.3,19.9
Bhadrakh,77.0037,20.9374,52,10.4,12.5,2024-08-24,12.6,22.2
Bhadrakh,77.0037,20.9374,52,19.6,31.04082,2024-08-25,11.5,16.5
Maldah,75.3433,19.8762,34,1.7,60.68354,2024-08-11,18.4,13.4
Maldah,75.3433,19.8762,34,13.3,13.80451,2024-08-12,12.6,21.3
Maldah,75.3433,19.8762,34,8.9,3.820225,2024-08-13,15.5,21.2
Maldah,75.3433,19.8762,34,20.2,20.70297,2024-08-14,7.9,17.7
Maldah,75.3433,19.8762,34,13.8,14.53623,2024-08-15,15.8,18
Maldah,75.3433,19.8762,34,11.8,11.23729,2024-08-16,18.7,20
Maldah,75.3433,19.8762,34,10.5,8.419048,2024-08-17,15.1,18.4
Maldah,75.3433,19.8762,34,14.3,15.21678,2024-08-18,14.4,21.9
Maldah,75.3433,19.8762,34,9.8,6.591837,2024-08-19,7.9,23.4
Maldah,75.3433,19.8762,34,19.4,20.15464,2024-08-20,15.1,18.5
Maldah,75.3433,19.8762,34,2.5,57.24051,2024-08-21,10.4,24
Maldah,75.3433,19.8762,34,6.7,39.16456,2024-08-22,15.5,23.5
Maldah,75.3433,19.8762,34,2.9,55.51899,2024-08-23,16.7,20.7
Maldah,75.3433,19.8762,34,26.5,23.86415,2024-08-24,22.3,22.5
Maldah,75.3433,19.8762,34,9.6,6.020833,2024-08-25,22,20.3
Mumbai,72.8777,19.076,11,10,2.31,2024-08-11,26.3,10.8
Mumbai,72.8777,19.076,11,9,1.344444,2024-08-12,25.9,21
Mumbai,72.8777,19.076,11,1.5,19.91139,2024-08-13,24.1,24
Mumbai,72.8777,19.076,11,2.3,18.79747,2024-08-14,20.2,23.4
Mumbai,72.8777,19.076,11,1.9,19.35443,2024-08-15,16.9,24
Mumbai,72.8777,19.076,11,4.2,16.1519,2024-08-16,16.2,21.3
Mumbai,72.8777,19.076,11,2.9,17.96203,2024-08-17,14,23.3
Mumbai,72.8777,19.076,11,0.1,21.86076,2024-08-18,16.6,24.1
Mumbai,72.8777,19.076,11,1.6,19.77215,2024-08-19,31.3,24.1
Mumbai,72.8777,19.076,11,1.8,19.49367,2024-08-20,32.4,24.1
Mumbai,72.8777,19.076,11,1.4,20.05063,2024-08-21,29.2,24.1
Mumbai,72.8777,19.076,11,1.5,19.91139,2024-08-22,24.1,22.7
Mumbai,72.8777,19.076,11,1,20.60759,2024-08-23,25.6,24.1
Mumbai,72.8777,19.076,11,8.8,1.125,2024-08-24,25.9,19.7
Mumbai,72.8777,19.076,11,34.9,8.510029,2024-08-25,33.1,7.6
Bhopal,77.4126,23.2599,18,12.9,6.976744,2024-08-11,22.7,14.9
Bhopal,77.4126,23.2599,18,2.5,30.3038,2024-08-12,21.2,23.6
Bhopal,77.4126,23.2599,18,4.7,25.29114,2024-08-13,17.6,19.6
Bhopal,77.4126,23.2599,18,3.1,28.93671,2024-08-14,16.9,22.2
Bhopal,77.4126,23.2599,18,4.7,25.29114,2024-08-15,17.6,20
Bhopal,77.4126,23.2599,18,3.6,27.79747,2024-08-16,18.4,22.6
Bhopal,77.4126,23.2599,18,0.7,34.40506,2024-08-17,16.6,24.1
Bhopal,77.4126,23.2599,18,1.6,32.35443,2024-08-18,14.8,22.7
Bhopal,77.4126,23.2599,18,0.1,35.77215,2024-08-19,14.4,24.1
Bhopal,77.4126,23.2599,18,1.6,32.35443,2024-08-20,12.6,23.4
Bhopal,77.4126,23.2599,18,3,29.16456,2024-08-21,11.9,21.5
Bhopal,77.4126,23.2599,18,13.7,7.620438,2024-08-22,11.9,18.3
Bhopal,77.4126,23.2599,18,9.7,3.340206,2024-08-23,15.8,16.4
Bhopal,77.4126,23.2599,18,2,31.44304,2024-08-24,12.6,23.4
Bhopal,77.4126,23.2599,18,8.6,1.465116,2024-08-25,9,21.3
Indore,75.8577,22.7196,7,5.3,9.303797,2024-08-11,28.8,12.3
Indore,75.8577,22.7196,7,1.5,12.67089,2024-08-12,22.7,23.5
Indore,75.8577,22.7196,7,1,13.11392,2024-08-13,21.2,23.5
Indore,75.8577,22.7196,7,0.3,13.73418,2024-08-14,25.2,24.1
Indore,75.8577,22.7196,7,0.7,13.37975,2024-08-15,22.7,24
Indore,75.8577,22.7196,7,0.7,13.37975,2024-08-16,19.8,24.1
Indore,75.8577,22.7196,7,0.5,13.55696,2024-08-17,17.6,24.1
Indore,75.8577,22.7196,7,1.3,12.8481,2024-08-18,15.8,23.8
Indore,75.8577,22.7196,7,0,14,2024-08-19,10.8,24.1
Indore,75.8577,22.7196,7,2.5,11.78481,2024-08-20,8.3,23
Indore,75.8577,22.7196,7,13.8,2.992754,2024-08-21,10.1,20.1
Indore,75.8577,22.7196,7,8.2,0.256098,2024-08-22,11.4,19.9
Indore,75.8577,22.7196,7,6.2,8.506329,2024-08-23,11.9,20.8
Indore,75.8577,22.7196,7,0.5,13.55696,2024-08-24,11.5,24.1
Indore,75.8577,22.7196,7,7.3,7.531646,2024-08-25,14.8,20.1
Jammu,74.857,32.7334,29,3.2,46.25316,2024-08-11,17.3,23.7
Jammu,74.857,32.7334,29,6.5,34.13924,2024-08-12,15.5,22.8
Jammu,74.857,32.7334,29,3,46.98734,2024-08-13,13.3,23.6
Jammu,74.857,32.7334,29,8.3,1.39759,2024-08-14,11.5,23.6
Jammu,74.857,32.7334,29,7.9,29,2024-08-15,16.6,22.5
Jammu,74.857,32.7334,29,5,39.64557,2024-08-16,17.6,24.1
Jammu,74.857,32.7334,29,2.2,49.92405,2024-08-17,15.1,23.1
Jammu,74.857,32.7334,29,3.4,45.51899,2024-08-18,18.7,24.1
Jammu,74.857,32.7334,29,0.3,56.89873,2024-08-19,20.2,24.1
Jammu,74.857,32.7334,29,0.1,57.63291,2024-08-20,18,24.1
Jammu,74.857,32.7334,29,0.1,57.63291,2024-08-21,24.8,24.1
Jammu,74.857,32.7334,29,6,35.97468,2024-08-22,17.6,23.1
Jammu,74.857,32.7334,29,1.4,52.86076,2024-08-23,16.9,24.1
Jammu,74.857,32.7334,29,9,3.544444,2024-08-24,16.6,21.6
Jammu,74.857,32.7334,29,16.3,14.94479,2024-08-25,17.3,14.4
Raipur,81.6296,21.2514,26,3,42.12658,2024-08-11,20.5,22.9
Raipur,81.6296,21.2514,26,1.2,48.05063,2024-08-12,17.3,24
Raipur,81.6296,21.2514,26,5.5,33.89873,2024-08-13,13.7,21.2
Raipur,81.6296,21.2514,26,8,0.325,2024-08-14,14.8,21.8
Raipur,81.6296,21.2514,26,0.7,49.6962,2024-08-15,13.7,23.9
Raipur,81.6296,21.2514,26,1,48.70886,2024-08-16,18.7,24.1
Raipur,81.6296,21.2514,26,0.6,50.02532,2024-08-17,9.7,24.1
Raipur,81.6296,21.2514,26,0.4,50.68354,2024-08-18,16.6,24.1
Raipur,81.6296,21.2514,26,0.2,51.34177,2024-08-19,15.8,23.9
Raipur,81.6296,21.2514,26,1.4,47.39241,2024-08-20,15.8,22.6
Raipur,81.6296,21.2514,26,5.3,34.55696,2024-08-21,14.4,21.4
Raipur,81.6296,21.2514,26,17.1,13.9883,2024-08-22,15.5,19.5
Raipur,81.6296,21.2514,26,4.2,38.17722,2024-08-23,17.3,21.4
Raipur,81.6296,21.2514,26,7.4,27.64557,2024-08-24,20.5,21.4
Raipur,81.6296,21.2514,26,35.4,20.19774,2024-08-25,11.4,15.2
Vijaywada,80.648,16.5065,24,8.9,2.696629,2024-08-11,8.3,20.8
Vijaywada,80.648,16.5065,24,8.2,0.878049,2024-08-12,7.2,21.9
Vijaywada,80.648,16.5065,24,11.1,6.918919,2024-08-13,10.4,19.8
Vijaywada,80.648,16.5065,24,12.1,8.330579,2024-08-14,6.8,19.9
Vijaywada,80.648,16.5065,24,3,38.88608,2024-08-15,6.5,22.6
Vijaywada,80.648,16.5065,24,6.5,28.25316,2024-08-16,4,20.5
Vijaywada,80.648,16.5065,24,11.5,7.513043,2024-08-17,4.7,19.6
Vijaywada,80.648,16.5065,24,4.4,34.63291,2024-08-18,4.7,22.6
Vijaywada,80.648,16.5065,24,15.1,11.44371,2024-08-19,5,21.6
Vijaywada,80.648,16.5065,24,13.1,9.526718,2024-08-20,7.2,20.4
Vijaywada,80.648,16.5065,24,2.8,39.49367,2024-08-21,5,24.1
Vijaywada,80.648,16.5065,24,11.7,7.794872,2024-08-22,4.7,20.6
Vijaywada,80.648,16.5065,24,3.9,36.1519,2024-08-23,7.6,21.7
Vijaywada,80.648,16.5065,24,16.2,12.2963,2024-08-24,7.2,18.6
Vijaywada,80.648,16.5065,24,11.4,7.368421,2024-08-25,6.8,16.2
Patna,85.1376,25.5941,28,10.2,6.313725,2024-08-11,11.2,12.8
Patna,85.1376,25.5941,28,7,31.18987,2024-08-12,14.4,21.8
Patna,85.1376,25.5941,28,21.7,17.80645,2024-08-13,14.8,18.6
Patna,85.1376,25.5941,28,10.3,6.524272,2024-08-14,17.3,20.7
Patna,85.1376,25.5941,28,8.8,2.863636,2024-08-15,18.4,21.9
Patna,85.1376,25.5941,28,3.2,44.65823,2024-08-16,14.4,22
Patna,85.1376,25.5941,28,7.9,28,2024-08-17,14.4,22
Patna,85.1376,25.5941,28,19.1,16.41885,2024-08-18,12.2,21.4
Patna,85.1376,25.5941,28,21.8,17.85321,2024-08-19,11.5,19.3
Patna,85.1376,25.5941,28,15.8,14,2024-08-20,16.6,21.9
Patna,85.1376,25.5941,28,38.4,22.23958,2024-08-21,14.4,18.8
Patna,85.1376,25.5941,28,1.4,51.03797,2024-08-22,10.1,21.8
Patna,85.1376,25.5941,28,17.9,15.64246,2024-08-23,11.3,19.4
Patna,85.1376,25.5941,28,14.4,12.63889,2024-08-24,21,24.1
Patna,85.1376,25.5941,28,2.6,46.78481,2024-08-25,23.8,24.1
Chandigarh,76.7794,30.7333,4,1.5,7.240506,2024-08-11,27.4,23.3
Chandigarh,76.7794,30.7333,4,5.2,5.367089,2024-08-12,17.3,24.1
Chandigarh,76.7794,30.7333,4,7.8,4.050633,2024-08-13,14.4,21.7
Chandigarh,76.7794,30.7333,4,12,1.366667,2024-08-14,23.8,21.6
Chandigarh,76.7794,30.7333,4,18.5,2.291892,2024-08-15,21.2,19.9
Chandigarh,76.7794,30.7333,4,22.2,2.576577,2024-08-16,9.7,15.9
Chandigarh,76.7794,30.7333,4,15.3,1.934641,2024-08-17,13,17.6
Chandigarh,76.7794,30.7333,4,12.6,1.492063,2024-08-18,10.4,23.9
Chandigarh,76.7794,30.7333,4,25,2.736,2024-08-19,18.7,14.7
Chandigarh,76.7794,30.7333,4,6.3,4.810127,2024-08-20,23.4,22.7
Chandigarh,76.7794,30.7333,4,8.5,0.282353,2024-08-21,10.1,21.5
Chandigarh,76.7794,30.7333,4,7.6,4.151899,2024-08-22,15.1,24.1
Chandigarh,76.7794,30.7333,4,2,6.987342,2024-08-23,9.7,24.1
Chandigarh,76.7794,30.7333,4,6.3,4.810127,2024-08-24,16.2,21.7
Chandigarh,76.7794,30.7333,4,6.5,4.708861,2024-08-25,23.4,23.9
Karnal,76.9833,29.6833,25,12.5,9.2,2024-08-11,22.7,22.5
Karnal,76.9833,29.6833,25,4.1,37.02532,2024-08-12,18.4,23.6
Karnal,76.9833,29.6833,25,15.5,12.25806,2024-08-13,15.8,21.5
Karnal,76.9833,29.6833,25,0.9,47.1519,2024-08-14,15.8,24
Karnal,76.9833,29.6833,25,20.1,15.17413,2024-08-15,10.1,19.4
Karnal,76.9833,29.6833,25,20.7,15.45894,2024-08-16,8.3,21.6
Karnal,76.9833,29.6833,25,20.3,15.27094,2024-08-17,10.1,17.7
Karnal,76.9833,29.6833,25,9,3.055556,2024-08-18,14,21.5
Karnal,76.9833,29.6833,25,23.1,16.45022,2024-08-19,12.2,18.5
Karnal,76.9833,29.6833,25,20.9,15.55024,2024-08-20,14.8,16.5
Karnal,76.9833,29.6833,25,9.8,4.846939,2024-08-21,10.4,20.7
Karnal,76.9833,29.6833,25,5.1,33.86076,2024-08-22,13.3,23.1
Karnal,76.9833,29.6833,25,0,50,2024-08-23,14,23.7
Karnal,76.9833,29.6833,25,3.6,38.60759,2024-08-24,15.5,23.4
Karnal,76.9833,29.6833,25,16.2,12.80864,2024-08-25,22.3,20.2
Shimla,77.1726,31.1048,29,31.9,21.81818,2024-08-11,6.8,17.1
Shimla,77.1726,31.1048,29,24.7,19.7247,2024-08-12,6.8,17.3
Shimla,77.1726,31.1048,29,12.8,11.10156,2024-08-13,8.3,18.5
Shimla,77.1726,31.1048,29,8.2,1.060976,2024-08-14,8.3,20.6
Shimla,77.1726,31.1048,29,16.3,14.94479,2024-08-15,8.6,18.3
Shimla,77.1726,31.1048,29,30.6,21.51307,2024-08-16,7.3,13.6
Shimla,77.1726,31.1048,29,13.1,11.51145,2024-08-17,7.6,19.6
Shimla,77.1726,31.1048,29,7.6,30.10127,2024-08-18,6.1,21
Shimla,77.1726,31.1048,29,15.9,14.59119,2024-08-19,6.8,15.4
Shimla,77.1726,31.1048,29,9.7,5.381443,2024-08-20,7.2,11.7
Shimla,77.1726,31.1048,29,3.6,44.78481,2024-08-21,9,23.6
Shimla,77.1726,31.1048,29,2.5,48.82278,2024-08-22,9,23.9
Shimla,77.1726,31.1048,29,6.8,33.03797,2024-08-23,8.6,19.5
Shimla,77.1726,31.1048,29,4.9,40.01266,2024-08-24,5,21.4
Shimla,77.1726,31.1048,29,13,11.37692,2024-08-25,6.8,19.4
Srinagar,74.7973,34.0836,23,15.1,10.96689,2024-08-11,5,19.2
Srinagar,74.7973,34.0836,23,15.6,11.35256,2024-08-12,9.7,19.9
Srinagar,74.7973,34.0836,23,22.6,14.96018,2024-08-13,8.3,19.8
Srinagar,74.7973,34.0836,23,21.6,14.58796,2024-08-14,7.9,20.6
Srinagar,74.7973,34.0836,23,23.6,15.30085,2024-08-15,8.6,18.3
Srinagar,74.7973,34.0836,23,25.8,15.95736,2024-08-16,8.3,15.6
Srinagar,74.7973,34.0836,23,7.5,24.16456,2024-08-17,10.4,24
Srinagar,74.7973,34.0836,23,1,43.08861,2024-08-18,7.6,24.1
Srinagar,74.7973,34.0836,23,13.7,9.737226,2024-08-19,6.8,20.6
Srinagar,74.7973,34.0836,23,10.9,6.330275,2024-08-20,4.7,15.5
Srinagar,74.7973,34.0836,23,14.2,10.20423,2024-08-21,6.8,20.7
Srinagar,74.7973,34.0836,23,22.2,14.81532,2024-08-22,6.1,17.4
Srinagar,74.7973,34.0836,23,4.1,34.06329,2024-08-23,5.4,22.7
Srinagar,74.7973,34.0836,23,11.6,7.336207,2024-08-24,6.8,19.1
Srinagar,74.7973,34.0836,23,15.8,11.5,2024-08-25,7.2,15.4
Ranchi,85.3096,23.3441,29,13,11.37692,2024-08-11,15.5,12.8
Ranchi,85.3096,23.3441,29,18.9,16.87831,2024-08-12,16.9,20.7
Ranchi,85.3096,23.3441,29,20.4,17.76961,2024-08-13,14.8,19.4
Ranchi,85.3096,23.3441,29,6.8,33.03797,2024-08-14,12.6,23.3
Ranchi,85.3096,23.3441,29,22.7,18.90749,2024-08-15,14,16.9
Ranchi,85.3096,23.3441,29,12,9.908333,2024-08-16,14.4,18.2
Ranchi,85.3096,23.3441,29,18.5,16.61622,2024-08-17,15.1,19.4
Ranchi,85.3096,23.3441,29,5,39.64557,2024-08-18,10.4,23.2
Ranchi,85.3096,23.3441,29,28.1,20.84698,2024-08-19,15.5,18.6
Ranchi,85.3096,23.3441,29,9,3.544444,2024-08-20,14.4,21.1
Ranchi,85.3096,23.3441,29,9.9,5.858586,2024-08-21,9.7,20.6
Ranchi,85.3096,23.3441,29,24.6,19.68699,2024-08-22,20.9,14.4
Ranchi,85.3096,23.3441,29,25.7,20.0856,2024-08-23,10.1,15.3
Ranchi,85.3096,23.3441,29,17.9,16.20112,2024-08-24,11.8,19.9
Ranchi,85.3096,23.3441,29,3.8,44.05063,2024-08-25,20.9,21.1
Shimoga,75.5605,13.9326,43,2.6,71.8481,2024-08-11,17.3,23.4
Shimoga,75.5605,13.9326,43,1.2,79.46835,2024-08-12,15.5,23.3
Shimoga,75.5605,13.9326,43,1.3,78.92405,2024-08-13,12.6,24
Shimoga,75.5605,13.9326,43,11.8,14.21186,2024-08-14,14,16.9
Shimoga,75.5605,13.9326,43,19.4,25.48969,2024-08-15,13,18.9
Shimoga,75.5605,13.9326,43,7,47.89873,2024-08-16,15.1,20.9
Shimoga,75.5605,13.9326,43,6.3,51.70886,2024-08-17,11.2,22.5
Shimoga,75.5605,13.9326,43,6,53.34177,2024-08-18,15.5,18.5
Shimoga,75.5605,13.9326,43,5.2,57.6962,2024-08-19,18.7,18.3
Shimoga,75.5605,13.9326,43,11.6,13.71552,2024-08-20,13.7,19.1
Shimoga,75.5605,13.9326,43,9.8,8.336735,2024-08-21,11.5,19.9
Shimoga,75.5605,13.9326,43,3.9,64.77215,2024-08-22,20.2,24.1
Shimoga,75.5605,13.9326,43,2.5,72.39241,2024-08-23,27,22.8
Shimoga,75.5605,13.9326,43,3.4,67.49367,2024-08-24,20.9,7.3
Shimoga,75.5605,13.9326,43,12.6,16.03968,2024-08-25,17.4,5.4
Gwalior,78.1828,26.2183,18,12.9,6.976744,2024-08-11,20.9,17
Gwalior,78.1828,26.2183,18,2.9,29.39241,2024-08-12,22,22.9
Gwalior,78.1828,26.2183,18,1.6,32.35443,2024-08-13,21.6,23.1
Gwalior,78.1828,26.2183,18,25,12.312,2024-08-14,14,14.3
Gwalior,78.1828,26.2183,18,17.9,10.05587,2024-08-15,18.4,17
Gwalior,78.1828,26.2183,18,8.2,0.658537,2024-08-16,26.3,19.6
Gwalior,78.1828,26.2183,18,5.8,22.78481,2024-08-17,23,20.1
Gwalior,78.1828,26.2183,18,10,3.78,2024-08-18,20.2,21.7
Gwalior,78.1828,26.2183,18,13,7.061538,2024-08-19,20.2,17.4
Gwalior,78.1828,26.2183,18,24.3,12.14815,2024-08-20,11.9,15.1
Gwalior,78.1828,26.2183,18,6.3,21.64557,2024-08-21,16.9,19.7
Gwalior,78.1828,26.2183,18,23.5,11.94894,2024-08-22,14.8,17.3
Gwalior,78.1828,26.2183,18,2.5,30.3038,2024-08-23,13.7,23.3
Gwalior,78.1828,26.2183,18,0.2,35.5443,2024-08-24,10.4,24.1
Gwalior,78.1828,26.2183,18,3.8,27.34177,2024-08-25,16.6,22.3
Cuttack,85.8828,20.4625,25,0.9,47.1519,2024-08-11,18.4,14.8
Cuttack,85.8828,20.4625,25,5.9,31.32911,2024-08-12,18.7,22.7
Cuttack,85.8828,20.4625,25,4.6,35.44304,2024-08-13,15.1,22.9
Cuttack,85.8828,20.4625,25,9.1,3.296703,2024-08-14,9.7,22.4
Cuttack,85.8828,20.4625,25,7.5,26.26582,2024-08-15,22.7,22.6
Cuttack,85.8828,20.4625,25,2,43.67089,2024-08-16,16.9,24.1
Cuttack,85.8828,20.4625,25,6.5,29.43038,2024-08-17,13.7,22.8
Cuttack,85.8828,20.4625,25,3.5,38.92405,2024-08-18,19,22.8
Cuttack,85.8828,20.4625,25,1.2,46.20253,2024-08-19,19.8,24.1
Cuttack,85.8828,20.4625,25,4.7,35.12658,2024-08-20,19.8,24.1
Cuttack,85.8828,20.4625,25,10.5,6.190476,2024-08-21,19.1,20.5
Cuttack,85.8828,20.4625,25,13.2,10.03788,2024-08-22,17.3,20
Cuttack,85.8828,20.4625,25,7.3,26.89873,2024-08-23,19.1,24.1
Cuttack,85.8828,20.4625,25,2.2,43.03797,2024-08-24,17.3,22.1
Cuttack,85.8828,20.4625,25,6.3,30.06329,2024-08-25,18.4,19.8
Bhilwara,74.6362,25.3461,45,40.6,36.24384,2024-08-11,22,13.9
Bhilwara,74.6362,25.3461,45,11.9,15.12605,2024-08-12,19.1,18.6
Bhilwara,74.6362,25.3461,45,3.1,72.34177,2024-08-13,20.5,23
Bhilwara,74.6362,25.3461,45,4.6,63.79747,2024-08-14,21.2,21.3
Bhilwara,74.6362,25.3461,45,7.6,46.70886,2024-08-15,18.7,20
Bhilwara,74.6362,25.3461,45,3.7,68.92405,2024-08-16,22,22
Bhilwara,74.6362,25.3461,45,5.3,59.81013,2024-08-17,13.3,20.5
Bhilwara,74.6362,25.3461,45,3.6,69.49367,2024-08-18,14.4,23.8
Bhilwara,74.6362,25.3461,45,0.2,88.86076,2024-08-19,15.1,24.1
Bhilwara,74.6362,25.3461,45,0.1,89.43038,2024-08-20,15.8,24.1
Bhilwara,74.6362,25.3461,45,0.4,87.72152,2024-08-21,13.7,24.1
Bhilwara,74.6362,25.3461,45,0,90,2024-08-22,14,24.1
Bhilwara,74.6362,25.3461,45,9.2,6.358696,2024-08-23,15.8,17.9
Bhilwara,74.6362,25.3461,45,13.2,18.06818,2024-08-24,16.2,19.7
Bhilwara,74.6362,25.3461,45,26.8,31.73507,2024-08-25,15.5,18.3
Puduppatti,77.7271,10.3575,33,9.8,6.397959,2024-08-11,20.5,15.8
Puduppatti,77.7271,10.3575,33,14.8,15.38514,2024-08-12,20.2,19.7
Puduppatti,77.7271,10.3575,33,9.7,6.123711,2024-08-13,17.6,22.4
Puduppatti,77.7271,10.3575,33,11.4,10.13158,2024-08-14,14.4,19.4
Puduppatti,77.7271,10.3575,33,37.4,26.02941,2024-08-15,15.5,15.2
Puduppatti,77.7271,10.3575,33,27.7,23.58845,2024-08-16,18.4,13.6
Puduppatti,77.7271,10.3575,33,19.7,19.7665,2024-08-17,25.6,16.4
Puduppatti,77.7271,10.3575,33,22.1,21.20362,2024-08-18,21.2,17.3
Puduppatti,77.7271,10.3575,33,4.3,48.03797,2024-08-19,19.1,23.7
Puduppatti,77.7271,10.3575,33,3.5,51.37975,2024-08-20,23,22.2
Puduppatti,77.7271,10.3575,33,0.6,63.49367,2024-08-21,24.8,23.9
Puduppatti,77.7271,10.3575,33,0.3,64.74684,2024-08-22,23.8,24.1
Puduppatti,77.7271,10.3575,33,0,66,2024-08-23,21.6,24.1
Puduppatti,77.7271,10.3575,33,0,66,2024-08-24,20.2,24.1
Puduppatti,77.7271,10.3575,33,0.1,65.58228,2024-08-25,22.7,24.1
Jalalpur,82.7344,25.9648,52,9.8,10.08163,2024-08-11,11.2,11.8
Jalalpur,82.7344,25.9648,52,24.2,35.02479,2024-08-12,14.4,18.5
Jalalpur,82.7344,25.9648,52,29,37.83448,2024-08-13,16.9,17.4
Jalalpur,82.7344,25.9648,52,21.9,33.24201,2024-08-14,15.1,16.2
Jalalpur,82.7344,25.9648,52,9.1,6.857143,2024-08-15,21.6,21.1
Jalalpur,82.7344,25.9648,52,6.7,59.89873,2024-08-16,14,19.6
Jalalpur,82.7344,25.9648,52,14.9,24.42953,2024-08-17,11.9,21.6
Jalalpur,82.7344,25.9648,52,39.2,41.52041,2024-08-18,12.6,18.6
Jalalpur,82.7344,25.9648,52,14.5,23.66897,2024-08-19,13,20.1
Jalalpur,82.7344,25.9648,52,7.3,55.94937,2024-08-20,13.3,21.6
Jalalpur,82.7344,25.9648,52,30.5,38.53115,2024-08-21,13.3,19
Jalalpur,82.7344,25.9648,52,0.9,98.07595,2024-08-22,9,23.6
Jalalpur,82.7344,25.9648,52,19.1,30.49215,2024-08-23,11,20.8
Jalalpur,82.7344,25.9648,52,39.5,41.6,2024-08-24,20.2,18.4
Jalalpur,82.7344,25.9648,52,1.5,94.12658,2024-08-25,24.5,24.1
Ghaziabad,77.4538,28.6692,39,2.7,64.67089,2024-08-11,24.5,12.9
Ghaziabad,77.4538,28.6692,39,10.3,9.087379,2024-08-12,11.2,22.7
Ghaziabad,77.4538,28.6692,39,26.9,27.54647,2024-08-13,14.4,18.2
Ghaziabad,77.4538,28.6692,39,12.7,14.74016,2024-08-14,14.8,20.3
Ghaziabad,77.4538,28.6692,39,18.7,22.52406,2024-08-15,11.5,17.9
Ghaziabad,77.4538,28.6692,39,28.2,28.07447,2024-08-16,9.4,16
Ghaziabad,77.4538,28.6692,39,9.4,6.223404,2024-08-17,8,21.6
Ghaziabad,77.4538,28.6692,39,5.2,52.32911,2024-08-18,13.7,21.8
Ghaziabad,77.4538,28.6692,39,23.7,26,2024-08-19,10.7,14.9
Ghaziabad,77.4538,28.6692,39,41.6,31.59375,2024-08-20,11.5,16.9
Ghaziabad,77.4538,28.6692,39,7,43.44304,2024-08-21,10.1,21.2
Ghaziabad,77.4538,28.6692,39,18.9,22.69841,2024-08-22,11.9,20.1
Ghaziabad,77.4538,28.6692,39,6.1,47.88608,2024-08-23,18.7,23.8
Ghaziabad,77.4538,28.6692,39,25.5,26.91765,2024-08-24,18,21.6
Ghaziabad,77.4538,28.6692,39,7.9,39,2024-08-25,21.6,22.4
Koch Bihar,89.45,26.0333,40,23.7,26.66667,2024-08-11,17.3,15.1
Koch Bihar,89.45,26.0333,40,18.1,22.54144,2024-08-12,16.6,17.3
Koch Bihar,89.45,26.0333,40,23.4,26.49573,2024-08-13,9.7,15.5
Koch Bihar,89.45,26.0333,40,41.1,32.31144,2024-08-14,13.3,9.5
Koch Bihar,89.45,26.0333,40,38.1,31.70604,2024-08-15,16.2,11.1
Koch Bihar,89.45,26.0333,40,24.7,27.20648,2024-08-16,15.5,19.5
Koch Bihar,89.45,26.0333,40,42.5,32.56471,2024-08-17,14.4,19.9
Koch Bihar,89.45,26.0333,40,44.9,32.96214,2024-08-18,15.5,14.7
Koch Bihar,89.45,26.0333,40,9.8,7.755102,2024-08-19,13.3,20.1
Koch Bihar,89.45,26.0333,40,8.7,3.678161,2024-08-20,15.5,23.8
Koch Bihar,89.45,26.0333,40,11,11.27273,2024-08-21,19.1,23
Koch Bihar,89.45,26.0333,40,2.8,65.82278,2024-08-22,16.2,24.1
Koch Bihar,89.45,26.0333,40,14.7,18.5034,2024-08-23,13.3,18.1
Koch Bihar,89.45,26.0333,40,29.3,29.21502,2024-08-24,13.7,15.9
Koch Bihar,89.45,26.0333,40,28.8,29.02778,2024-08-25,12.6,13.7
Vizianagaram,83.3962,17.6882,32,0.9,60.35443,2024-08-11,20.2,24.1
Vizianagaram,83.3962,17.6882,32,5.8,40.50633,2024-08-12,21.2,23.2
Vizianagaram,83.3962,17.6882,32,3.7,49.01266,2024-08-13,18.7,24.1
Vizianagaram,83.3962,17.6882,32,19.4,18.96907,2024-08-14,24.1,20.7
Vizianagaram,83.3962,17.6882,32,2.5,53.87342,2024-08-15,24.8,24.1
Vizianagaram,83.3962,17.6882,32,4.4,46.17722,2024-08-16,22,22.5
Vizianagaram,83.3962,17.6882,32,2,55.89873,2024-08-17,23,23.4
Vizianagaram,83.3962,17.6882,32,0.7,61.16456,2024-08-18,24.8,24.1
Vizianagaram,83.3962,17.6882,32,0.1,63.59494,2024-08-19,20.9,24.1
Vizianagaram,83.3962,17.6882,32,0,64,2024-08-20,20.2,24.1
Vizianagaram,83.3962,17.6882,32,0.1,63.59494,2024-08-21,30.2,24.1
Vizianagaram,83.3962,17.6882,32,1.3,58.73418,2024-08-22,25.2,23
Vizianagaram,83.3962,17.6882,32,0.5,61.97468,2024-08-23,20.5,22.9
Vizianagaram,83.3962,17.6882,32,8,0.4,2024-08-24,24.5,21.7
Vizianagaram,83.3962,17.6882,32,16.1,16.29814,2024-08-25,9.4,18.7
Katihar,87.5812,25.5282,26,5.8,32.91139,2024-08-11,10.1,22
Katihar,87.5812,25.5282,26,26.7,18.30712,2024-08-12,14.4,17.3
Katihar,87.5812,25.5282,26,15.6,12.83333,2024-08-13,16.2,17.6
Katihar,87.5812,25.5282,26,17.3,14.12717,2024-08-14,16.9,19.6
Katihar,87.5812,25.5282,26,16.2,13.32099,2024-08-15,13.3,19.2
Katihar,87.5812,25.5282,26,16.3,13.39877,2024-08-16,10.2,22.7
Katihar,87.5812,25.5282,26,24.5,17.61633,2024-08-17,11.2,18
Katihar,87.5812,25.5282,26,26,18.1,2024-08-18,19.4,18.4
Katihar,87.5812,25.5282,26,13.5,10.78519,2024-08-19,17.3,19.3
Katihar,87.5812,25.5282,26,31,19.37419,2024-08-20,13.7,21.2
Katihar,87.5812,25.5282,26,46.7,21.60171,2024-08-21,20.5,11.7
Katihar,87.5812,25.5282,26,7.3,27.97468,2024-08-22,10.4,22.2
Katihar,87.5812,25.5282,26,3.5,40.48101,2024-08-23,14.8,23.2
Katihar,87.5812,25.5282,26,13,10.2,2024-08-24,18.4,19.6
Katihar,87.5812,25.5282,26,8.8,2.659091,2024-08-25,25.9,21.9
Dhamtari,81.5353,20.6062,42,5.7,53.6962,2024-08-11,18.7,20.9
Dhamtari,81.5353,20.6062,42,2,73.36709,2024-08-12,17.6,23.2
Dhamtari,81.5353,20.6062,42,0.7,80.27848,2024-08-13,16.9,24.1
Dhamtari,81.5353,20.6062,42,5.9,52.63291,2024-08-14,14.8,22.1
Dhamtari,81.5353,20.6062,42,2.1,72.83544,2024-08-15,15.8,23.9
Dhamtari,81.5353,20.6062,42,2.6,70.17722,2024-08-16,14.4,22.1
Dhamtari,81.5353,20.6062,42,0.1,83.46835,2024-08-17,10.4,24.1
Dhamtari,81.5353,20.6062,42,0.1,83.46835,2024-08-18,18.4,24.1
Dhamtari,81.5353,20.6062,42,0.7,80.27848,2024-08-19,12.2,24
Dhamtari,81.5353,20.6062,42,1.1,78.1519,2024-08-20,14.8,22.7
Dhamtari,81.5353,20.6062,42,4.1,62.20253,2024-08-21,11.2,23.8
Dhamtari,81.5353,20.6062,42,11.5,13.14783,2024-08-22,10.1,21.9
Dhamtari,81.5353,20.6062,42,12.8,16.07813,2024-08-23,18.1,16.3
Dhamtari,81.5353,20.6062,42,15.9,21.13208,2024-08-24,19.1,20.9
Dhamtari,81.5353,20.6062,42,30.1,30.97674,2024-08-25,8.6,13.1
Jind,76.3064,29.3155,40,5.6,51.64557,2024-08-11,18.7,23.1
Jind,76.3064,29.3155,40,5.8,50.63291,2024-08-12,11.9,23
Jind,76.3064,29.3155,40,12.5,14.72,2024-08-13,11.5,22.7
Jind,76.3064,29.3155,40,22.8,26.14035,2024-08-14,19.1,19.6
Jind,76.3064,29.3155,40,23.1,26.32035,2024-08-15,11.5,16.5
Jind,76.3064,29.3155,40,10.9,11.00917,2024-08-16,17.6,19.9
Jind,76.3064,29.3155,40,17.2,21.62791,2024-08-17,11.9,18.5
Jind,76.3064,29.3155,40,5.5,52.1519,2024-08-18,20.5,22
Jind,76.3064,29.3155,40,4,59.74684,2024-08-19,18.4,21.3
Jind,76.3064,29.3155,40,7.1,44.05063,2024-08-20,11.9,22.7
Jind,76.3064,29.3155,40,3,64.81013,2024-08-21,12.2,22.9
Jind,76.3064,29.3155,40,2.4,67.8481,2024-08-22,18,23.3
Jind,76.3064,29.3155,40,1,74.93671,2024-08-23,17.3,24.1
Jind,76.3064,29.3155,40,12.4,14.51613,2024-08-24,19.1,21.9
Jind,76.3064,29.3155,40,8.4,2.380952,2024-08-25,20.9,23.3
Kathua,75.51,32.3751,43,11.9,14.45378,2024-08-11,10.8,19.6
Kathua,75.51,32.3751,43,24.4,29.07787,2024-08-12,15.5,19.5
Kathua,75.51,32.3751,43,20.7,26.58937,2024-08-13,19.4,17
Kathua,75.51,32.3751,43,11.9,14.45378,2024-08-14,22.3,20.2
Kathua,75.51,32.3751,43,29,31.28621,2024-08-15,15.8,18
Kathua,75.51,32.3751,43,18.3,24.43716,2024-08-16,11.5,22.5
Kathua,75.51,32.3751,43,21.2,26.97642,2024-08-17,13.7,23.2
Kathua,75.51,32.3751,43,25.6,29.73047,2024-08-18,21.6,21.2
Kathua,75.51,32.3751,43,15.2,20.65132,2024-08-19,15.8,18
Kathua,75.51,32.3751,43,39.3,34.35623,2024-08-20,15.1,14.9
Kathua,75.51,32.3751,43,65.1,37.78187,2024-08-21,14.8,11.6
Kathua,75.51,32.3751,43,21.9,27.48858,2024-08-22,13.3,20.1
Kathua,75.51,32.3751,43,1.4,78.37975,2024-08-23,15.5,24.1
Kathua,75.51,32.3751,43,4.8,59.87342,2024-08-24,21.6,23.4
Kathua,75.51,32.3751,43,10.4,10.33654,2024-08-25,24.1,20.7
Deoghar,86.6986,24.4834,26,7.2,28.3038,2024-08-11,15.1,20.8
Deoghar,86.6986,24.4834,26,12.1,9.024793,2024-08-12,12.6,20.6
Deoghar,86.6986,24.4834,26,17.8,14.46067,2024-08-13,11.5,20.1
Deoghar,86.6986,24.4834,26,24.8,17.71774,2024-08-14,11.9,17.5
Deoghar,86.6986,24.4834,26,14.7,12.02721,2024-08-15,9,19.5
Deoghar,86.6986,24.4834,26,4.9,35.87342,2024-08-16,16.9,22.4
Deoghar,86.6986,24.4834,26,23.9,17.40586,2024-08-17,10.8,19.4
Deoghar,86.6986,24.4834,26,33.3,19.83183,2024-08-18,9.7,17.1
Deoghar,86.6986,24.4834,26,19.8,15.62626,2024-08-19,11.5,21.4
Deoghar,86.6986,24.4834,26,37.6,20.53723,2024-08-20,17.3,17.4
Deoghar,86.6986,24.4834,26,6.3,31.26582,2024-08-21,20.9,21
Deoghar,86.6986,24.4834,26,8.6,2.116279,2024-08-22,10.8,21.9
Deoghar,86.6986,24.4834,26,18,14.58889,2024-08-23,11.9,20.5
Deoghar,86.6986,24.4834,26,24.1,17.47718,2024-08-24,18.7,21.2
Deoghar,86.6986,24.4834,26,1.3,47.72152,2024-08-25,23.8,24.1
Chitapur,77.5285,17.0846,36,7.6,37.36709,2024-08-11,19.8,21.5
Chitapur,77.5285,17.0846,36,3.9,54.22785,2024-08-12,20.5,23.5
Chitapur,77.5285,17.0846,36,0.6,69.26582,2024-08-13,19.4,23.9
Chitapur,77.5285,17.0846,36,1.3,66.07595,2024-08-14,19.4,23.7
Chitapur,77.5285,17.0846,36,3.2,57.41772,2024-08-15,16.2,23
Chitapur,77.5285,17.0846,36,4,53.77215,2024-08-16,11.9,22
Chitapur,77.5285,17.0846,36,12.9,13.95349,2024-08-17,16.2,18.3
Chitapur,77.5285,17.0846,36,7.9,36,2024-08-18,23,24
Chitapur,77.5285,17.0846,36,0.5,69.72152,2024-08-19,15.8,23.6
Chitapur,77.5285,17.0846,36,0.4,70.17722,2024-08-20,16.9,24.1
Chitapur,77.5285,17.0846,36,0.1,71.5443,2024-08-21,11.9,24.1
Chitapur,77.5285,17.0846,36,2.5,60.60759,2024-08-22,15.1,24.1
Chitapur,77.5285,17.0846,36,0.4,70.17722,2024-08-23,19.8,24.1
Chitapur,77.5285,17.0846,36,1.1,66.98734,2024-08-24,25.6,24.1
Chitapur,77.5285,17.0846,36,6.1,44.20253,2024-08-25,24.8,21.5
Shivpuri,77.6717,25.4342,36,20.9,22.39234,2024-08-11,20.5,11.8
Shivpuri,77.6717,25.4342,36,0.7,68.81013,2024-08-12,21.6,24.1
Shivpuri,77.6717,25.4342,36,0.8,68.35443,2024-08-13,19.8,24.1
Shivpuri,77.6717,25.4342,36,21.2,22.58491,2024-08-14,18.7,16
Shivpuri,77.6717,25.4342,36,13.8,15.3913,2024-08-15,21.2,16.8
Shivpuri,77.6717,25.4342,36,10.8,9.666667,2024-08-16,19.8,20.3
Shivpuri,77.6717,25.4342,36,2.6,60.1519,2024-08-17,18.4,22.1
Shivpuri,77.6717,25.4342,36,13.7,15.24088,2024-08-18,18.4,18
Shivpuri,77.6717,25.4342,36,23.2,23.74138,2024-08-19,18,14.4
Shivpuri,77.6717,25.4342,36,12.7,13.6063,2024-08-20,9.7,18.6
Shivpuri,77.6717,25.4342,36,3.4,56.50633,2024-08-21,11.2,23.4
Shivpuri,77.6717,25.4342,36,4.8,50.12658,2024-08-22,14,21.9
Shivpuri,77.6717,25.4342,36,2.3,61.51899,2024-08-23,18,24
Shivpuri,77.6717,25.4342,36,14.9,16.91275,2024-08-24,11.2,18.2
Shivpuri,77.6717,25.4342,36,6,44.65823,2024-08-25,11.6,22
Bishenpur,83.8704,25.3006,40,3.2,63.79747,2024-08-11,5.8,23.3
Bishenpur,83.8704,25.3006,40,4.5,57.21519,2024-08-12,6.5,23.2
Bishenpur,83.8704,25.3006,40,5.8,50.63291,2024-08-13,7.6,23.9
Bishenpur,83.8704,25.3006,40,11,11.27273,2024-08-14,7.9,22.2
Bishenpur,83.8704,25.3006,40,3.3,63.29114,2024-08-15,6.1,23.1
Bishenpur,83.8704,25.3006,40,2,69.87342,2024-08-16,10.1,21.1
Bishenpur,83.8704,25.3006,40,8.9,4.494382,2024-08-17,6.1,19.9
Bishenpur,83.8704,25.3006,40,1.9,70.37975,2024-08-18,4.3,24
Bishenpur,83.8704,25.3006,40,1.4,72.91139,2024-08-19,11.2,22.4
Bishenpur,83.8704,25.3006,40,3,64.81013,2024-08-20,9.4,23.9
Bishenpur,83.8704,25.3006,40,5,54.68354,2024-08-21,4.3,24.1
Bishenpur,83.8704,25.3006,40,6.6,46.58228,2024-08-22,3.6,19.7
Bishenpur,83.8704,25.3006,40,3.6,61.77215,2024-08-23,9.4,23.9
Bishenpur,83.8704,25.3006,40,11,11.27273,2024-08-24,12.6,19.6
Bishenpur,83.8704,25.3006,40,15.4,19.48052,2024-08-25,11.5,15.1
Saiha,92.8663,23.3079,31,5.8,39.24051,2024-08-11,6.8,21.6
Saiha,92.8663,23.3079,31,9.3,4.666667,2024-08-12,5,18.5
Saiha,92.8663,23.3079,31,9.8,6.010204,2024-08-13,3.6,19.2
Saiha,92.8663,23.3079,31,17.2,16.76163,2024-08-14,4.7,13.1
Saiha,92.8663,23.3079,31,16.8,16.42262,2024-08-15,5,13.3
Saiha,92.8663,23.3079,31,13.2,12.44697,2024-08-16,3.6,18.2
Saiha,92.8663,23.3079,31,9.5,5.221053,2024-08-17,4,18.1
Saiha,92.8663,23.3079,31,3.4,48.65823,2024-08-18,5.4,22.7
Saiha,92.8663,23.3079,31,13,12.16154,2024-08-19,4.7,17.7
Saiha,92.8663,23.3079,31,4.4,44.73418,2024-08-20,5.8,21.9
Saiha,92.8663,23.3079,31,7.8,31.39241,2024-08-21,2.9,20.3
Saiha,92.8663,23.3079,31,8.9,3.483146,2024-08-22,4.7,19.1
Saiha,92.8663,23.3079,31,14,13.50714,2024-08-23,4,18.5
Saiha,92.8663,23.3079,31,21.7,19.71429,2024-08-24,3.6,10.6
Saiha,92.8663,23.3079,31,23,20.35217,2024-08-25,4.1,15.8
Fatehgarh Churian,75.7264,31.0794,64,40.2,51.42289,2024-08-11,19,12.8
Fatehgarh Churian,75.7264,31.0794,64,8.2,2.341463,2024-08-12,11.5,23.8
Fatehgarh Churian,75.7264,31.0794,64,0.9,120.7089,2024-08-13,11.2,24.1
Fatehgarh Churian,75.7264,31.0794,64,20.9,39.80861,2024-08-14,18.4,21.2
Fatehgarh Churian,75.7264,31.0794,64,35.2,49.63636,2024-08-15,11.5,17
Fatehgarh Churian,75.7264,31.0794,64,12,21.86667,2024-08-16,13,23.3
Fatehgarh Churian,75.7264,31.0794,64,7.5,67.24051,2024-08-17,19.4,19.9
Fatehgarh Churian,75.7264,31.0794,64,6.5,75.34177,2024-08-18,9.7,24.1
Fatehgarh Churian,75.7264,31.0794,64,0.5,123.9494,2024-08-19,11.5,24.1
Fatehgarh Churian,75.7264,31.0794,64,4.4,92.35443,2024-08-20,14.8,19.6
Fatehgarh Churian,75.7264,31.0794,64,7.6,66.43038,2024-08-21,14,22.4
Fatehgarh Churian,75.7264,31.0794,64,7.5,67.24051,2024-08-22,9.4,22.3
Fatehgarh Churian,75.7264,31.0794,64,5.9,80.20253,2024-08-23,10.8,22.3
Fatehgarh Churian,75.7264,31.0794,64,6.7,73.72152,2024-08-24,10.8,21
Fatehgarh Churian,75.7264,31.0794,64,4.8,89.11392,2024-08-25,14.2,24.1
Karuppur,77.2337,11.0236,40,2.2,68.86076,2024-08-11,27.7,14.6
Karuppur,77.2337,11.0236,40,4,59.74684,2024-08-12,20.5,23.3
Karuppur,77.2337,11.0236,40,2.3,68.35443,2024-08-13,21.6,24
Karuppur,77.2337,11.0236,40,0.4,77.97468,2024-08-14,18,24.1
Karuppur,77.2337,11.0236,40,1.8,70.88608,2024-08-15,22,23.6
Karuppur,77.2337,11.0236,40,1.3,73.41772,2024-08-16,15.5,24.1
Karuppur,77.2337,11.0236,40,4,59.74684,2024-08-17,22,23.8
Karuppur,77.2337,11.0236,40,9.7,7.42268,2024-08-18,26.3,22.7
Karuppur,77.2337,11.0236,40,11.2,11.78571,2024-08-19,21.2,19.2
Karuppur,77.2337,11.0236,40,9.9,8.080808,2024-08-20,26.6,21.5
Karuppur,77.2337,11.0236,40,0.7,76.4557,2024-08-21,31,23.3
Karuppur,77.2337,11.0236,40,7.8,40.50633,2024-08-22,22.3,21.3
Karuppur,77.2337,11.0236,40,0.8,75.94937,2024-08-23,21.6,24.1
Karuppur,77.2337,11.0236,40,0.5,77.46835,2024-08-24,19.4,24.1
Karuppur,77.2337,11.0236,40,4.5,57.21519,2024-08-25,19.4,24
Sitarganj,79.0754,28.9625,33,5.9,41.35443,2024-08-11,15.8,22.2
Sitarganj,79.0754,28.9625,33,9.3,4.967742,2024-08-12,14.4,22.9
Sitarganj,79.0754,28.9625,33,23.4,21.85897,2024-08-13,16.9,17.4
Sitarganj,79.0754,28.9625,33,13,12.94615,2024-08-14,10.1,18.2
Sitarganj,79.0754,28.9625,33,17.8,18.35393,2024-08-15,13.3,17.7
Sitarganj,79.0754,28.9625,33,15,15.62,2024-08-16,21.2,19.7
Sitarganj,79.0754,28.9625,33,11.3,9.929204,2024-08-17,14.8,24
Sitarganj,79.0754,28.9625,33,11.3,9.929204,2024-08-18,11.9,24
Sitarganj,79.0754,28.9625,33,58.7,28.55877,2024-08-19,23,14.1
Sitarganj,79.0754,28.9625,33,13.9,14.2446,2024-08-20,10.1,17
Sitarganj,79.0754,28.9625,33,24.5,22.35918,2024-08-21,12.2,16.6
Sitarganj,79.0754,28.9625,33,11.4,10.13158,2024-08-22,15.1,19.6
Sitarganj,79.0754,28.9625,33,8.5,2.329412,2024-08-23,16.2,20.6
Sitarganj,79.0754,28.9625,33,20.7,20.4058,2024-08-24,19.8,19.3
Sitarganj,79.0754,28.9625,33,33,25.1,2024-08-25,14.8,13.7
Uttarkashi,78.4667,30.7333,32,17.3,17.38728,2024-08-11,6.1,11.3
Uttarkashi,78.4667,30.7333,32,15.1,15.25828,2024-08-12,9,17.2
Uttarkashi,78.4667,30.7333,32,26.1,22.31418,2024-08-13,7.9,10.2
Uttarkashi,78.4667,30.7333,32,21.6,20.2963,2024-08-14,6.8,9.2
Uttarkashi,78.4667,30.7333,32,16.6,16.77108,2024-08-15,10.8,17.8
Uttarkashi,78.4667,30.7333,32,13.8,13.68116,2024-08-16,9,17.5
Uttarkashi,78.4667,30.7333,32,11,9.018182,2024-08-17,8.6,19.2
Uttarkashi,78.4667,30.7333,32,11.8,10.57627,2024-08-18,7.9,15.9
Uttarkashi,78.4667,30.7333,32,12.8,12.25,2024-08-19,8.6,16.4
Uttarkashi,78.4667,30.7333,32,16.9,17.04142,2024-08-20,7.2,11.9
Uttarkashi,78.4667,30.7333,32,14.7,14.80272,2024-08-21,8.6,16
Uttarkashi,78.4667,30.7333,32,21.7,20.35023,2024-08-22,6.1,14.4
Uttarkashi,78.4667,30.7333,32,22.9,20.9607,2024-08-23,5.8,14.9
Uttarkashi,78.4667,30.7333,32,13.4,13.13433,2024-08-24,9,14.4
Uttarkashi,78.4667,30.7333,32,21.6,20.2963,2024-08-25,6.1,9.9